{"LATITUDE": 52.090737, "LONGITUDE": 5.12142}